file,title,source_path
axiom_provenance_rtl_conveyor.html,Axiom Provenance RTL Conveyor,D:\Keeper-Clean-Loop1\VM TESTRUN HOHE TIEFE\Pipeline entwurf\reports\axiom_identification_simulations_paired_offline_v2\axiom_id_paired_offline_v2_20260508_133900_J20260508_e8fb8772a2324e88\axiom_provenance_rtl_conveyor.html
network_cockpit.html,Network Cockpit,D:\Keeper-Clean-Loop1\VM TESTRUN HOHE TIEFE\pipeline-mapping\ops-context-center\11_Life_Operator\ui\network_cockpit.html
axiom_cockpit.html,Axiom Cockpit,D:\Keeper-Clean-Loop1\VM TESTRUN HOHE TIEFE\pipeline-mapping\ops-context-center\11_Life_Operator\ui\axiom_cockpit.html
axiom_runtime_chain_live_monitor.html,Axiom Runtime Chain Live Monitor,D:\Keeper-Clean-Loop1\VM TESTRUN HOHE TIEFE\pipeline-mapping\ops-context-center\11_Life_Operator\ui\axiom_runtime_chain_live_monitor.html
cockpit.html,Core Cockpit,D:\Keeper-Clean-Loop1\VM TESTRUN HOHE TIEFE\pipeline-mapping\ops-context-center\11_Life_Operator\ui\cockpit.html
experimental_loop_ui.html,Experimental Loop UI,D:\Keeper-Clean-Loop1\VM TESTRUN HOHE TIEFE\pipeline-mapping\ops-context-center\11_Life_Operator\ui\experimental_loop_ui.html
vm_root_index.html,VM Root Index,D:\Keeper-Clean-Loop1\VM TESTRUN HOHE TIEFE\index.html
psi_oloid_final_8.html,PSI Oloid Final 8,D:\Keeper-Clean-Loop1\VM TESTRUN HOHE TIEFE\psi_oloid_final (8).html
tmp_billing.html,Temporary Billing UI,D:\Keeper-Clean-Loop1\VM TESTRUN HOHE TIEFE\tmp_billing.html
precision_curves.html,Precision Curves,D:\Keeper-Clean-Loop1\VM TESTRUN HOHE TIEFE\precision_curves.html
